title,author,field,value,note
Petals of Blood,Ngũgĩ wa Thiong'o,language,English,Written in English (Heinemann 1977); the harvest tagged it Gikuyu.
Devil on the Cross,Ngũgĩ wa Thiong'o,language,English,English edition (1982) of Caitaani mũtharaba-inĩ; the Gikuyu original is listed separately.
Wizard of the Crow,Ngũgĩ wa Thiong'o,language,English,English edition (2006) of Mũrogi wa Kagogo.
The Perfect Nine: The Epic Gikuyu and Mumbi,Ngũgĩ wa Thiong'o,language,English,English edition (2020) of Kenda Mũiyũru.
The Upright Revolution: Or Why Humans Walk Upright,Ngũgĩ wa Thiong'o,language,English,English edition (2016) of the Gikuyu story.
Caitaani mũtharaba-inĩ,Ngũgĩ wa Thiong'o,language,Gikuyu,Gikuyu original (1980) of Devil on the Cross.
Kilio cha haki,Ali Al'Amin Mazrui,author,Alamin Mazrui,"Play (1981) by Alamin Mazrui, not the political scientist Ali A. Mazrui; the harvest merged the two."
Kilio cha haki,Ali Al'Amin Mazrui,cover_url,,"The linked Google Books cover is Shadows of the Moon, a different book."
Shadows of the moon,Ali Al'Amin Mazrui,author,Alamin Mazrui,"By Alamin Mazrui, as printed on its cover."
The Warrior Tradition in Modern Africa (International Studies in Sociology and Social Anthropology),Ali Al'Amin Mazrui,description,,Description belonged to a bibliography of Mazrui's writings.
The political sociology of the English language,Ali Al'Amin Mazrui,description,,"Description belonged to Power, Politics, and the African Condition."
