name,description
Agriculture and food security,"farming, land, harvests, hunger and feeding families"
Bad governance,"leaders who misrule, abuse office and fail their people"
Civic responsibility,"citizens' duties to their community and country"
Climate and nature,"weather, drought, rain, forests, animals and the natural world"
Colonialism and resistance,"British colonial rule in Kenya, Mau Mau and the fight for independence"
Community solidarity,"neighbours and villages supporting one another"
Conflict in families,"quarrels, rivalry and tension inside a family"
Corruption and governance,"bribery, theft of public resources and political corruption"
Cultural heritage,"customs, rituals and values passed down through generations"
Dreams and ambitions,"characters striving for a better future and personal goals"
Education and opportunity,"school, learning and education as a path out of hardship"
Environmental conservation,"protecting forests, wildlife and the environment"
Ethnic diversity,"relations between Kenya's many communities and tribes"
Family unity,"families staying together and caring for each other"
Fate and free will,"destiny, chance and the choices people make"
Folklore and oral traditions,"folktales, myths, legends, proverbs and oral storytelling"
Gender roles and feminism,"the place of women and men in society, women's rights"
Generational conflict,"clashes between parents and children, old and young"
Generosity,"kindness, sharing and giving to others"
Good vs evil,"moral struggle between good and wicked characters"
Greed,"excessive desire for money, land or power"
Hard work,"effort, labour and perseverance rewarded"
Honesty vs dishonesty,"truth-telling, lies and trust"
Hope and despair,"resilience, hopelessness and finding hope in hardship"
Identity crisis,"characters unsure of who they are or where they belong"
Ignorance,"lack of knowledge and its consequences"
Indigenous knowledge,"traditional African knowledge, medicine and ways of life"
Justice and injustice,"courts, fairness, wrongful treatment and the search for justice"
Land and displacement,"land ownership, eviction, squatters and loss of ancestral land"
Language and identity,"mother tongues, African languages and who we are"
Laziness,"idleness and its consequences"
Leadership and betrayal,"leaders who betray followers, broken promises"
Loneliness and isolation,"being alone, cut off or abandoned"
Love and heartbreak,"romance, love affairs and broken hearts"
Marriage and relationships,"husbands and wives, courtship and married life"
Mental health,"depression, trauma, madness and emotional wellbeing"
Migration and diaspora,"leaving home, exile, life abroad and returning"
Morality and ethics,"right and wrong, moral choices and values"
Naming and symbolism,"the meaning of names and symbols"
Oppression,"domination and exploitation of the powerless"
Parent-child relationships,"mothers, fathers and their children"
Peer pressure,"young people influenced by friends"
Political violence,"state brutality, detention, assassinations and election violence"
Post-independence struggles,"disillusionment and hardship in Kenya after independence"
Poverty,"lack of money, slums and economic hardship"
Power of language,"how words, writing and speech shape power"
Religion and spirituality,"Christianity, Islam, traditional religion and faith"
Resistance and struggle,"people fighting back against oppression"
Resource exploitation,"exploitation of land, labour and natural resources"
Selfishness,"putting oneself before others"
Silence and voice,"people silenced and finding their voice"
Storytelling as resistance,"writing and storytelling used to resist power"
Traditional beliefs,"customary beliefs, witchcraft and ancestral spirits"
Trauma and healing,"violence, suffering and recovery"
Truth and deception,"lies, secrets and uncovering the truth"
Urban vs rural life,"city life in Nairobi compared with village life"
Urbanization,"growth of cities, migration to towns and urban life"
Wealth and materialism,"money, possessions and the pursuit of riches"
Youth and unemployment,"young people without jobs and their struggles"
